{"https://www.amazon.de/dp/000417240X": {"product_title": "Kantate 86 Wahrlich, Wahrlich", "product_image": "https://images-na.ssl-images-amazon.com/images/I/41aWBN0BW1L._SX350_BO1,204,203,200_.jpg", "price": "\u20ac7.04", "description": "Todt, Bernhard, Bearb."}, "https://www.amazon.de/dp/000417237X": {"product_title": "KANTATE 083 ERFREUTE ZEIT IM", "product_image": "https://images-na.ssl-images-amazon.com/images/I/41d0FaBiSTL._SX344_BO1,204,203,200_.jpg", "price": "\u20ac6.50", "description": "Compositeur : Bach, Johann Sebastian Instrumentation : So,GCh,Orch Nombre de pages : 20"}, "https://www.amazon.de/dp/000417206X": {"product_title": "Kantate 52 Falsche Welt, Dir", "product_image": "https://images-na.ssl-images-amazon.com/images/I/41mTrzyK76L._SX349_BO1,204,203,200_.jpg", "price": "\u20ac7.39", "description": "Compositeur : Bach, Johann Sebastian Instrumentation : So,GCh,Orch Nombre de pages : 20"}, "https://www.amazon.de/dp/000417318X": {"product_title": "Bach, Kantate 164, Ihr, die ihr euch von Christo nennet", "product_image": "https://images-na.ssl-images-amazon.com/images/I/41+g+QbpBFL._SX381_BO1,204,203,200_.jpg", "price": "\u20ac7.39", "description": "Compositeur : Bach, Johann Sebastian Instrumentation : So,GCh,Orch Nombre de pages : 20"}, "https://www.amazon.de/dp/000417268X": {"product_title": "Kantate 114 Ach Lieben", "product_image": "https://images-na.ssl-images-amazon.com/images/I/41mIiAzCWsL._SX349_BO1,204,203,200_.jpg", "price": "\u20ac8.50", "description": "Bach Kantate 114 Ach, lieben Christen, seid getrost Klavierauszug"}, "https://www.amazon.de/dp/000417271X": {"product_title": "Kantate 117 Sie Lob Und Ehr", "product_image": "https://images-na.ssl-images-amazon.com/images/I/41hlFmvlMsL._SX351_BO1,204,203,200_.jpg", "price": "\u20ac9.15", "description": "Compositeur : Bach, Johann Sebastian Instrumentation : So,GCh,Orch Nombre de pages : 28"}, "https://www.amazon.de/dp/000417173X": {"product_title": "Kantate 19 Es Erhub Sich Ein", "product_image": "https://images-na.ssl-images-amazon.com/images/I/41xQZu3zHbL._SX351_BO1,204,203,200_.jpg", "price": "\u20ac11.26", "description": "EDITION URTEXTCompositeur : Bach, Johann SebastianInstrumentation : So,GCh,OrchNombre de pages : 40"}, "https://www.amazon.de/dp/000416508X": {"product_title": "Quintett B-dur op. 34 - Breitkopf Urtext - Stimmensatz (EB 5830)", "product_image": "https://images-na.ssl-images-amazon.com/images/I/41QN-6dasEL._SX381_BO1,204,203,200_.jpg", "price": "\u20ac28.50", "description": "Wolfgang Meyer und der Primarius des Cherubini-Quartetts Christoph Poppen haben die Quellen zu den beiden ber\u00fchmten Klarinettenquintetten von Brahms und Weber kritisch durchgesehen. Vorschl\u00e4ge aus der Konzertpraxis zur Ausf\u00fchrung sind in Klammern erg\u00e4nzt."}, "https://www.amazon.de/dp/000416444X": {"product_title": "Sonate op. 41 - Ausgabe f\u00fcr Fagott und Klavier (EB 5567)", "product_image": "https://images-na.ssl-images-amazon.com/images/I/41aptNQZHrL._SX375_BO1,204,203,200_.jpg", "price": "\u20ac35.90", "description": "Compositeur : Schoeck, OthmarInstrumentation : Fag,KlavNombre de pages : 36"}, "https://www.amazon.de/dp/000416413X": {"product_title": "Il Re pastore KV 208 - L'amer\u00f2, sar\u00f2 costante - Arie der Aminta - Ausgabe f\u00fcr Sorpan, Violine und Klavier (EB 5473)", "product_image": "https://images-na.ssl-images-amazon.com/images/I/41YwjHe4wkL._SX376_BO1,204,203,200_.jpg", "price": "\u20ac7.90", "description": "Compositeur : Mozart, Wolfgang Amadeus Instrumentation : S,Vl,Klav Nombre de pages : 10"}, "https://www.amazon.de/dp/000416511X": {"product_title": "Sonate B-dur f\u00fcr Fl\u00f6te und Klavier (EB 5879)", "product_image": "https://images-na.ssl-images-amazon.com/images/I/515ZbxjDfLL._SX372_BO1,204,203,200_.jpg", "price": "\u20ac15.90", "description": "Composer : Beethoven, Ludwig vanInstrumentation : Fl,KlavEditor : Hess, Willy"}, "https://www.amazon.de/dp/000417156X": {"product_title": "Kantate 2 Ach Gott, Vom", "product_image": "https://images-na.ssl-images-amazon.com/images/I/41Suo9QtJ2L._SX350_BO1,204,203,200_.jpg", "price": "\u20ac8.16", "description": "Compositeur : Bach, Johann SebastianInstrumentation : So,GCh,OrchNombre de pages : 28"}, "https://www.amazon.de/dp/000416976X": {"product_title": "LITANIAE DE VENERABILI KV 243", "product_image": "https://images-na.ssl-images-amazon.com/images/I/414wyAfP+WL._SX350_BO1,204,203,200_.jpg", "price": "\u20ac11.13", "description": "Composer : Mozart, Wolfgang Amadeus Edition : Piano reductionEditor : Haverkampf, Ulrich"}, "https://www.amazon.de/dp/000417335X": {"product_title": "Kantate 181 Leichtgesinnte", "product_image": "https://images-na.ssl-images-amazon.com/images/I/31D4bTOuJaL._SX350_BO1,204,203,200_.jpg", "price": "\u20ac6.50", "description": "Compositeur : Bach, Johann SebastianInstrumentation : So,GCh,OrchNombre de pages : 20"}, "https://www.amazon.de/dp/000421143X": {"product_title": "EIN DEUTSCHES REQUIEM 2 KLAV", "product_image": "https://images-na.ssl-images-amazon.com/images/I/41kvwEvPVpL._SY390_BO1,204,203,200_.jpg", "price": "\u20ac92.00", "description": "Musikliteratur"}, "https://www.amazon.de/dp/000420736X": {"product_title": "L'ARLESIENNE-SUITE NR. 2 ORCHESTRE", "product_image": "https://images-na.ssl-images-amazon.com/images/I/41ELX18MMVL._SX375_BO1,204,203,200_.jpg", "price": "\u20ac56.34", "description": "Composer : Bizet, Georges Edition : ScoreEditor : Hoffmann, Fritz Separate Parts available on demand"}, "https://www.amazon.de/dp/000417870X": {"product_title": "3 St\u00fccke op. 142 f\u00fcr Orgel - 1. Stimmen der Nacht - 2. Violalse mignonne - 3. Romantisch (EB 8584)", "product_image": "https://images-na.ssl-images-amazon.com/images/I/51jcnDzKubL._SX376_BO1,204,203,200_.jpg", "price": "\u20ac13.90", "description": "Karg-Elert, zu Lebzeiten der Harmoniumspezialist, wird von einer immer gr\u00f6\u00dfer werdenden Klientel als \"\"echte\"\" Alternative zu Max Reger gehandelt, und dies nicht nur, weil er dessen Nachfolger in Leipzig war. In seinem wiederholt als au\u00dferordentlich farbig beschriebenen Stil verbinden sich sowohl traditionelle als auch vorw\u00e4rts dr\u00e4ngende Tendenzen. In op. 142 spiegelt sich die ganze Bandbreite seiner Vielseitigkeit: \"\"Stimmen der Nacht\"\" erinnert an Debussys Klangwelt, \"\"Romantisch\"\" scheint vom Schaffen Johannes Brahms' inspiriert und in \"\"Violalse mignonne\"\" beschw\u00f6rt er, um mit den Worten von Wolfgang Stockmeier zu sprechen, als \"\"ein Meister des Grotesken Blaue-Engel-Atmosph\u00e4re als ironischer Kritiker der Zwanzigerjahre\"\"."}, "https://www.amazon.de/dp/000417805X": {"product_title": "Fantasie \u00fcber den Choral 'Ein feste Burg ist unser Gott' op. 27 f\u00fcr Orgel - Breitkopf Urtext (EB 8512)", "product_image": "https://images-na.ssl-images-amazon.com/images/I/418j2w9CkKL._SX366_BO1,204,203,200_.jpg", "price": "\u20ac11.90", "description": "Breitkopf Urtext nach der Reger-Gesamtausgabe hrsg. von Hans Klotz, durchgesehen von Martin Weyer mit einer Einf\u00fchrung von Hans Haselb\u00f6ck"}, "https://www.amazon.de/dp/000108173X": {"product_title": "Wir h\u00f6ren und spielen: Ein Weg zum absoluten Geh\u00f6r. Band 3. Klavier.", "product_image": "https://images-na.ssl-images-amazon.com/images/I/51d3H5bMOmL._SY363_BO1,204,203,200_.jpg", "price": "\u20ac32.00", "description": "Ruth und Naoyuki Taneda besch\u00e4ftigen sich seit vielen Jahren mit der Musikerziehung von Kindern ab drei Jahren. In dieser Schule zeigen sie auf, dass es m\u00f6glich ist, bei Kleinkindern \u00fcber das Medium Farbe (farbige Noten) das absolute Geh\u00f6r zu entwickeln, also jene H\u00f6rf\u00e4higkeit, die bisher als angeborenes Privileg einiger weniger, besonders \"begnadeter\" Musiker galt. Die Autoren betrachten den Mythos absolutes Geh\u00f6r ganz n\u00fcchtern und zeigen, welche M\u00f6glichkeiten er f\u00fcr die Musikerziehung am Klavier bietet. Sie weisen damit einen neuen Weg f\u00fcr den fr\u00fchinstrumentalen Unterricht. Schwierigkeitsgrad: 1"}, "https://www.amazon.de/dp/000108142X": {"product_title": "Orchester-Probespiel Kontrabass: Sammlung wichtiger Passagen aus der Opern- und Konzertliteratur. Kontrabass.", "product_image": "https://images-na.ssl-images-amazon.com/images/I/61OVNlClEDL._SX379_BO1,204,203,200_.jpg", "price": "from \u20ac26.00", "description": "In Orchestern und an den ausbildenden Hochschulen besteht seit langem Bedarf an einer praktischen und leicht zug\u00e4nglichen Ausgabe der beim Probespiel vorgelegten Orchesterstellen. Der Inhalt dieses Heftes geht zur\u00fcck auf Anregungen des Deutschen Musikrates und basiert auf statistischen Erhebungen der Deutschen Orchestervereinigung e.V. (DOV) sowie auf der langj\u00e4hrigen Berufserfahrung der Herausgeber als Orchestermusiker und Hochschulp\u00e4dagogen. Auf der gesondert erh\u00e4tlichen CD sind die jeweiligen Werkausschnitte (Instrument mit Orchester) enthalten. Schwierigkeitsgrad: 5"}, "https://www.amazon.de/dp/000108660X": {"product_title": "Le Coucou: Rondeau. Klavier. (Edition Schott Einzelausgabe)", "product_image": "https://images-na.ssl-images-amazon.com/images/I/41am5Cllb9L._SX379_BO1,204,203,200_.jpg", "price": "from \u20ac5.50", "description": "Titelzusatz: Rondeau\nBesetzung: Klavier\nSeitenzahl: 8\nBindung: R\ufffdckendrahtheftung\nSchwierigkeitsgrad: 2\nHerausgeber: Rehberg, Willy\nSerie: Edition Schott Einzelausgabe\nMedienart: Noten"}, "https://www.amazon.de/dp/000109257X": {"product_title": "Happy Birthday: Humoristische Variationen \u00fcber ein Geburtstagslied. Klavier 4-h\u00e4ndig. (Edition Schott Einzelausgabe)", "product_image": "https://images-na.ssl-images-amazon.com/images/I/41wLZGTLuGL._SX379_BO1,204,203,200_.jpg", "price": "\u20ac6.50", "description": "Titelzusatz: Humoristische Variationen \ufffdber ein Geburtstagslied\nBesetzung: Klavier 4-h\ufffdndig\nInhalt: Thema - Adagio lamentoso - Allegro - Tempo di Valse - Tempo di Tango\nSeitenzahl: 16\nBindung: R\ufffdckendrahtheftung\nSchwierigkeitsgrad: 3-4\nSerie: Edition Schott Einzelausgabe\nMedienart: Noten"}, "https://www.amazon.de/dp/000109212X": {"product_title": "Moto perpetuo: op. 11. Violine und Klavier. (Edition Schott Einzelausgabe)", "product_image": "https://images-na.ssl-images-amazon.com/images/I/41L-o9AvBSL._SX379_BO1,204,203,200_.jpg", "price": "\u20ac6.50", "description": "Besetzung: Violine und Klavier\nOpus: 11\nSeitenzahl: 16\nBindung: R\ufffdckendrahtheftung\nHerausgeber: B\ufffdhme, Curt\nSerie: Edition Schott Einzelausgabe\nMedienart: Noten"}, "https://www.amazon.de/dp/000108688X": {"product_title": "Adelaide: op. 46. mittlere Singstimme und Klavier. (Edition Schott Einzelausgabe)", "product_image": "https://images-na.ssl-images-amazon.com/images/I/41zo5m7iCzL._SX379_BO1,204,203,200_.jpg", "price": "\u20ac6.50", "description": "Besetzung: mittlere Singstimme und Klavier\nOpus: 46\nSeitenzahl: 12\nBindung: R\ufffdckendrahtheftung\nSprache: deutsch - englisch - franz\ufffdsisch\nMedienart: Noten"}, "https://www.amazon.de/dp/000108917X": {"product_title": "Gnomenreigen: Konzert-Et\u00fcde. Klavier. (Edition Schott Einzelausgabe)", "product_image": "https://images-na.ssl-images-amazon.com/images/I/41A1-6T49fL._SX379_BO1,204,203,200_.jpg", "price": "\u20ac5.50", "description": "Titelzusatz: Konzert-Et\ufffdde\nBesetzung: Klavier\nSeitenzahl: 12\nBindung: R\ufffdckendrahtheftung\nSchwierigkeitsgrad: 5\nHerausgeber: Schmid-Lindner, August\nSerie: Edition Schott Einzelausgabe\nMedienart: Noten"}, "https://www.amazon.de/dp/000108898X": {"product_title": "Cavatine: op. 85/3. Violine (Violoncello) und Klavier. (Edition Schott Einzelausgabe)", "product_image": "https://images-na.ssl-images-amazon.com/images/I/410JKNeHjbL._SX379_BO1,204,203,200_.jpg", "price": "from \u20ac10.12", "description": "Besetzung: Violine (Violoncello) und Klavier\nOpus: 85/3\nSeitenzahl: 8\nBindung: R\ufffdckendrahtheftung\nSchwierigkeitsgrad: 4\nHerausgeber: Palaschko, Johannes\nSerie: Edition Schott Einzelausgabe\nMedienart: Noten"}, "https://www.amazon.de/dp/000103863X": {"product_title": "Concertino B-Dur: Violine und Orchester. Klavierauszug mit Solostimme. (Edition Schott)", "product_image": "https://images-na.ssl-images-amazon.com/images/I/41HnYQBk7PL._SX379_BO1,204,203,200_.jpg", "price": "\u20ac3.69", "description": "Besetzung: Violine und Orchester\nAusgabe: Klavierauszug mit Solostimme\nSeitenzahl: 28\nBindung: R\ufffdckendrahtheftung\nHerausgeber: Dushkin, Samuel\nMedienart: Noten"}, "https://www.amazon.de/dp/000102163X": {"product_title": "Concerto grosso g-Moll: Weihnachtskonzert. op. 6/8. 2 Violinen, Violoncello, Streichorchester und Cembalo. Partitur. (Concertino)", "product_image": "https://images-na.ssl-images-amazon.com/images/I/51sNFyf2t6L._SX378_BO1,204,203,200_.jpg", "price": "\u20ac17.16", "description": "Ein beliebtes St\u00fcck f\u00fcr Weihnachtskonzerte im schulischen oder kirchlichen Rahmen.\n\nSchwierigkeitsgrad: 3"}, "https://www.amazon.de/dp/000101742X": {"product_title": "Short Story: Violoncello und Klavier. (Cello-Bibliothek)", "product_image": "https://images-na.ssl-images-amazon.com/images/I/41zw0783tpL._SX380_BO1,204,203,200_.jpg", "price": "\u20ac5.95", "description": "Besetzung: Violoncello und Klavier\nSeitenzahl: 10\nBindung: R\ufffdckendrahtheftung\nSchwierigkeitsgrad: 4\nHerausgeber: Dushkin, Samuel\nSerie: Cello-Bibliothek\nMedienart: Noten"}, "https://www.amazon.de/dp/000004458X": {"product_title": "Old Spice Shaving Cream - 70 g (original) - Pack of 2", "product_image": "https://m.media-amazon.com/images/I/41xHbjdSXJL._SX355_PIbundle-2,TopRight,0,0_SX355SY222SH20_.jpg", "price": "\u20ac8.00", "description": "Good lubrication quality in Old Spice Lather shaving foam gives optimal lubricity actions a closer comfortable shave. Rich, longer - lasting foam holds during your shave. Use Old Spice Lather shaving cream where you will find the masculine freshness of old spices."}, "https://www.amazon.de/dp/000104317X": {"product_title": "Concerto in E flat \"Dumbarton Oaks\": f\u00fcr Kammerorchester. Kammerorchester. Studienpartitur. (Musik unserer Zeit)", "product_image": "https://images-na.ssl-images-amazon.com/images/I/41fgZjPnmCL._SX351_BO1,204,203,200_.jpg", "price": "\u20ac18.00", "description": "Musikliteratur"}, "https://www.amazon.de/dp/000107119X": {"product_title": "COMPLETE SONGS WITH PIANO ACCOMPANIMENT BAND 2 CHANT", "product_image": "https://images-na.ssl-images-amazon.com/images/I/41K3KHLZHNL._SX379_BO1,204,203,200_.jpg", "price": "\u2014", "description": "RECTANUS, HANS, ED|2 LIEDER OP.19 (CARL BUSSE)|STIMME DER SEHNSUCHT|MICHAELSKIRCHPLATZ|2 LIEDER OP.21|HERBSTLIED (F. HEBBEL)|DIE NACHTIGALLEN (EICHENDORFF)|5 LIEDER OP.22|IN DANZIG (EICHENDORFF)|TRAGISCHE GESCHICHTE (CHAMISSO)|SCHOEN SUSCHEN (G.A. BUERGER)|GEGENLIEBE (BUERGER)|AN DIE BIENEN (BUERGER)|4 LIEDER OP.24|UNTER DER LINDEN (WALTHER VON DER VOGELWEIDE)|GEWALT DER MINNE (WALTHER VON DER VOGELWEIDE)|92. SONETTE (PETRARCA)|ABENDROT (F. LIENHARD)|5 LIEDER OP.26|GEBET (F. HEBBEL)|NACHTS (EICENDORFF)|TREUE LIEBE (EICHENDORFF)|TRAUERSTILLE (G.A. BUERGER)|MAILIED (GOETHE)|4 LIEDER OP.29|ABBITTE (HOELDERLIN)|HERBSTHAUCH (RUECKERT)|WILLKOMMEN UND ABSCHIED (GOETHE)|DIE STILEL STADT (DEHMEL)|4 LIEDER OP.30|SEHNSUCHT NACH VERGESSEN (N. LENAU)|DAS VERLASSENE MAEGDLEIN (MOERIKE)|DENK ES O SEELE (MOERIKE)|DER ARBEITSMANN (DEHMEL)|4 LIEDER OP.32 (ALLE CONRAD FERDINAND MEYER)|HUSSENS KERKER|SAEERSPRUCH|EINGELEGTE RUDER|LASS SCHARREN DEINER ROSSE HUF|8 LIEDER OP.33 (ALLE GOTTFRIED KELLER)|MIR GLAENZEN DIE AUGEN|ICH FUERCHT' NIT GESPENSTER|DU MILCHJUNGER KNABE|WANDL' ICH IN DEM MORGENTAU|SING MEIN SCHATZ WIE EN FINK|ROESCHEN BISS DEN APFEL AN|TRETET EIN HOHER KRIEGER|WIE GLAENZT DER HELL MOND|6 LIEDER OP.35 (ALLE RICARDA HUCH)|BESTIMMUNG|ICH WERDE NICHT AN DEINEM HERZEN SATT|WO HAST DU ALL DIE SCHOENHEIT HERGENOMMEN|SCHWILL AN MEIN STROM|EINE MELODIE SINGT MEIN HERZ|DENN UNSRE LIEBE HAT ZU GLEISS GEFLAMMT|6 LIEDER OP.40|LEUCHTENDE TAGE (L. JACOBOWSKI)|WENN SICH LIEBES VON DIE LOESEN WILL (A. BARTELS)|SEHNSUCHT (R. HUCH)|HERBSTGEFUEHL (M. GREIF)|WANDERERS NACHTLIED (GOETHE)|DER WECKRUF (EICHENDORFF)|3 SONETTE OP.41|AUF DIE MORGENROETE (G.A. BUERGER)|DER VERSPAETETE WANDERER (EICHENDORFF)|DAS ALTER (EICHENDORFF)"}, "https://www.amazon.de/dp/000104396X": {"product_title": "5 antike Oden: nach Gedichten von Sappho. op. 57. mittlere Frauenstimme, Viola und Klavier. mittel. Stimmensatz. (Edition Schott)", "product_image": "https://images-na.ssl-images-amazon.com/images/I/41uGG66YO-L._SX379_BO1,204,203,200_.jpg", "price": "from \u20ac32.00", "description": "wie hernieder vom berge sturmwind stuerzt|hinunter ist schon der mond|singet ihr maedchen das lied|seelenlos liegt dereinst da|aphrodite listreiche tochter des zeus|op.57"}, "https://www.amazon.de/dp/000104348X": {"product_title": "Musik f\u00fcr Kinder: Im F\u00fcnftonraum. Vol. 1. Singstimme, Blockfl\u00f6te und Schlagzeug. Sing- und Spielpartitur. (Orff-Schulwerk)", "product_image": "https://images-na.ssl-images-amazon.com/images/I/419-3yqvVML._SY332_BO1,204,203,200_.jpg", "price": "\u20ac22.00", "description": "G\u00fcltiger Ausgangspunkt ist das alte Kinderliedgut. Die Melodik ist in einem F\u00fcnfttonraum gebunden, in dem das Kind am leichtesten auch zu eigenen Ausdrucksm\u00f6glichkeiten gelangen kann. Die Melodik entwickelt sich vom Zweitonruf \u00fcber die schwebende Dreitonmelodik weiter. Aus der Begleitung in Bordun- und Ostinatoformen ergibt sich sp\u00e4ter eine einfache Mehrstimmigkeit. Ein zweckentsprechendes Instrumentarium - Kleines Schlagwerk und Stabspiele - erleichtern das Eindringen in diese fr\u00fche Klangwelt. Die drei Teile \"Reime und Spiellieder\", \"Rhythmisch-melodische \u00dcbung\" und \"Spielst\u00fccke\" sind einander erg\u00e4nzend zu verwenden. Die rhythmische \u00dcbung bleibt dabei immer grundlegend. Klangsinn und Einf\u00fchlung im Zusammenspiel m\u00fcssen besonders geweckt und geschult werden. So soll eine Grundlage f\u00fcr alles sp\u00e4tere Musizieren und Interpretieren geschaffen werden, d.h. wahres Verst\u00e4ndnis f\u00fcr musikalische Sprache und Ausdruck."}, "https://www.amazon.de/dp/000115687X": {"product_title": "Viola Spaces: Contemporary Viola Studies. Band 1. Viola. (Essential Exercises, Band 1)", "product_image": "https://images-na.ssl-images-amazon.com/images/I/41Y-4h2wgsL._SX379_BO1,204,203,200_.jpg", "price": "from \u20ac22.19", "description": "Garth Knox geh\u00f6rt zu den profiliertesten Bratschern seiner Generation, und als ehemaliges, jahrelanges Mitglied des Arditti Quartetts hat er seine Vorliebe f\u00fcr zeitgen\u00f6ssische Musik entwickelt und gepflegt. Inzwischen konzertiert er und veranstaltet Kurse in der ganzen Welt. Mit den \"Viola Spaces\" m\u00f6chte er fortgeschrittenen Spielern zeitgen\u00f6ssische Spieltechniken nahe bringen. Die St\u00fccke, oder \"Spielr\u00e4ume\", sind echte Konzertet\u00fcden und behandeln jede f\u00fcr sich spezifische Techniken, wie etwa Flageolettspiel, Pizzicato (mit 9 Fingern!) oder Tremolo, die ausf\u00fchrlich erkl\u00e4rt werden. Ein weiterer Band mit modernen Spieltechniken f\u00fcr zwei Violen und ein Band mit Variationen \u00fcber ein St\u00fcck des franz\u00f6sischen Gambenmeisters Marin Marais f\u00fcr vier Violen sind in Planung. Schwierigkeitsgrad: 5"}, "https://www.amazon.de/dp/000109453X": {"product_title": "6 Duos: op. 1. 2 Fl\u00f6ten. Spielpartitur. (Edition Schott)", "product_image": "https://images-na.ssl-images-amazon.com/images/I/41yNWRfXqDL._SX379_BO1,204,203,200_.jpg", "price": "\u20ac24.50", "description": "Anton Stamitz (1750 \u2013 um 1800) komponierte wichtige Beitr\u00e4ge zur Fl\u00f6tenliteratur. Der Sohn des ber\u00fchmten \u201eMannheimer\u201c Johann Stamitz lebte lange Zeit in Paris und Versailles, wo er alle seine Werke ver\u00f6ffentlichte \u2013 bis auf eine Ausnahme: Die Duos f\u00fcr zwei Querfl\u00f6ten op. 1 erschienen 1785 bei Schott in Mainz. Dieser Erstdruck war die Vorlage f\u00fcr die neue Schott-Ausgabe jener Kompositionen \u2013 unterhaltsame St\u00fccke, an denen sich schon Sch\u00fcler und Hobby-Fl\u00f6tisten als Duo erproben k\u00f6nnen.\n\nSchwierigkeitsgrad: 3"}, "https://www.amazon.de/dp/000416105X": {"product_title": "VIOLINKONZERT 2 D-DUR KV 211", "product_image": "https://images-na.ssl-images-amazon.com/images/I/51Qp-R83kUL._SX375_BO1,204,203,200_.jpg", "price": "\u20ac19.02", "description": "Composer : Mozart, Wolfgang AmadeusInstrumentation : Vl,KlavEdition : Piano and soloEditor : Waldersee, Paul"}, "https://www.amazon.de/dp/000416041X": {"product_title": "Klaviertrio G-Dur Hob XV:15 (EB 1131)", "product_image": "https://images-na.ssl-images-amazon.com/images/I/41zx75efEBL._SX376_BO1,204,203,200_.jpg", "price": "\u20ac13.90", "description": "Compositeur : Haydn, JosephInstrumentation : Fl(Vl),Vc,KlavNombre de pages : 40"}, "https://www.amazon.de/dp/000109825X": {"product_title": "Cs\u00e1rd\u00e1s-Kompositionen: Klarinette und Klavier. (Edition Schott)", "product_image": "https://images-na.ssl-images-amazon.com/images/I/41vzotqLOgL._SX379_BO1,204,203,200_.jpg", "price": "from \u20ac7.50", "description": "Besetzung: Klarinette und Klavier\nInhalt: Lied und Cs\ufffdrd\ufffds aus Nordkroatien - Cs\ufffdrd\ufffds-Variationen aus Nordkroatien\nSeitenzahl: 31\nBindung: R\ufffdckendrahtheftung\nSchwierigkeitsgrad: 3\nSerie: Klarinetten-Bibliothek\nMedienart: Noten"}, "https://www.amazon.de/dp/000110733X": {"product_title": "S\u00e9r\u00e9nade espagnole: Violine und Klavier. (Edition Schott, Nr. 26)", "product_image": "https://images-na.ssl-images-amazon.com/images/I/419YG5nPHEL._SX380_BO1,204,203,200_.jpg", "price": "\u20ac9.00", "description": "KREISLER, FRITZ, ED|TRANSKRIPTIONEN , 26"}, "https://www.amazon.de/dp/000111252X": {"product_title": "Eingedunkelt: Neun Gedichte nach Paul Celan. Alt-Solo. Alt.", "product_image": "https://images-na.ssl-images-amazon.com/images/I/41suSIrxOHL._SX379_BO1,204,203,200_.jpg", "price": "from \u20ac18.00", "description": "Titelzusatz: Neun Gedichte\nBesetzung: Alt-Solo\nKompositionsjahr: 1992\nInhalt: I. Wirfst du den beschrifteten Ankerstein aus? - II. Deutlich, weithin - III. \ufffdber die K\ufffdpfe hinweg - IV. Angefochtener Stein - V. Bedenkenlos, den Vernebelungen zuwider - VI. Nach dem Lichtverzicht - VII. Eingedunkelt - VIII. Vom Hochseil herabgezwungen - IX. F\ufffdll die \ufffddnis\nSeitenzahl: 16\nSchwierigkeitsgrad: 5\nMedienart: Noten"}, "https://www.amazon.es/dp/000108142X": {"product_title": "Spielbuch orchestre", "product_image": "https://images-na.ssl-images-amazon.com/images/I/61OVNlClEDL._SX379_BO1,204,203,200_.jpg", "price": "desde 25,78 \u20ac", "description": "Not Available"}, "https://www.amazon.es/dp/000106875X": {"product_title": "Etuden 1 & 2 orgue", "product_image": "https://images-na.ssl-images-amazon.com/images/I/31+SH2b7VAL._SY351_BO1,204,203,200_.jpg", "price": "31,19 \u20ac", "description": "Not Available"}, "https://www.amazon.fr/dp/000417240X": {"product_title": "Kantate 86 wahrlich, wahrlich", "product_image": "https://images-na.ssl-images-amazon.com/images/I/41aWBN0BW1L._SX350_BO1,204,203,200_.jpg", "price": "\u2014", "description": "r\u00e9duction pianoCompositeur : Bach, Johann SebastianInstrumentation : So,GCh,OrchNombre de pages : 20"}, "https://www.amazon.fr/dp/000417206X": {"product_title": "Kantate 52 falsche welt, dir", "product_image": "https://images-na.ssl-images-amazon.com/images/I/41mTrzyK76L._SX349_BO1,204,203,200_.jpg", "price": "6,21 \u20ac", "description": "Compositeur : Bach, Johann SebastianInstrumentation : So,GCh,OrchNombre de pages : 20"}, "https://www.amazon.fr/dp/000417237X": {"product_title": "Kantate 083 erfreute zeit im", "product_image": "https://images-na.ssl-images-amazon.com/images/I/41d0FaBiSTL._SX344_BO1,204,203,200_.jpg", "price": "\u00e0 partir de 6,90 \u20ac", "description": "Compositeur : Bach, Johann SebastianInstrumentation : So,GCh,OrchNombre de pages : 20"}, "https://www.amazon.fr/dp/000417268X": {"product_title": "Kantate 114 ach lieben", "product_image": "https://images-na.ssl-images-amazon.com/images/I/41mIiAzCWsL._SX349_BO1,204,203,200_.jpg", "price": "\u00e0 partir de 9,00 \u20ac", "description": "Compositeur : Bach, Johann Sebastian Instrumentation : So,GCh,Orch Nombre de pages : 28"}, "https://www.amazon.fr/dp/000417271X": {"product_title": "Kantate 117 sie lob und ehr", "product_image": "https://images-na.ssl-images-amazon.com/images/I/41hlFmvlMsL._SX351_BO1,204,203,200_.jpg", "price": "6,79 \u20ac", "description": "Compositeur : Bach, Johann SebastianInstrumentation : So,GCh,OrchNombre de pages : 28"}, "https://www.amazon.fr/dp/000417173X": {"product_title": "Kantate 19 es erhub sich ein", "product_image": "https://images-na.ssl-images-amazon.com/images/I/41xQZu3zHbL._SX351_BO1,204,203,200_.jpg", "price": "11,26 \u20ac", "description": "EDITION URTEXT Compositeur : Bach, Johann Sebastian Instrumentation : So,GCh,Orch Nombre de pages : 40"}, "https://www.amazon.fr/dp/000417335X": {"product_title": "Kantate 181 leichtgesinnte", "product_image": "https://images-na.ssl-images-amazon.com/images/I/31D4bTOuJaL._SX350_BO1,204,203,200_.jpg", "price": "\u00e0 partir de 2,66 \u20ac", "description": "Compositeur : Bach, Johann Sebastian Instrumentation : So,GCh,Orch Nombre de pages : 20"}, "https://www.amazon.fr/dp/000417318X": {"product_title": "Kantate 164 ihr die ihr euch", "product_image": "https://images-na.ssl-images-amazon.com/images/I/41+g+QbpBFL._SX381_BO1,204,203,200_.jpg", "price": "\u00e0 partir de 8,40 \u20ac", "description": "Compositeur : Bach, Johann SebastianInstrumentation : So,GCh,OrchNombre de pages : 20"}, "https://www.amazon.fr/dp/000416198X": {"product_title": "2 divertimenti kv 252, kv 240", "product_image": "https://images-na.ssl-images-amazon.com/images/I/41H73ri0GDL._SX348_BO1,204,203,200_.jpg", "price": "17,99 \u20ac", "description": "Composer : Mozart, Wolfgang AmadeusInstrumentation : Vl,Vc,KlavEditor : Naumann, Ernst"}, "https://www.amazon.fr/dp/000416511X": {"product_title": "Sonate bes flute traversiere", "product_image": "https://images-na.ssl-images-amazon.com/images/I/515ZbxjDfLL._SX372_BO1,204,203,200_.jpg", "price": "20,96 \u20ac", "description": "Composer : Beethoven, Ludwig vanInstrumentation : Fl,KlavEditor : Hess, Willy"}, "https://www.amazon.fr/dp/000416508X": {"product_title": "Quintett b-dur op. 34 clarinette", "product_image": "https://images-na.ssl-images-amazon.com/images/I/41QN-6dasEL._SX381_BO1,204,203,200_.jpg", "price": "36,44 \u20ac", "description": "Wolfgang Meyer und der Primarius des Cherubini-Quartetts Christoph Poppen haben die Quellen zu den beiden ber\u00fchmten Klarinettenquintetten von Brahms und Weber kritisch durchgesehen. Vorschl\u00e4ge aus der Konzertpraxis zur Ausf\u00fchrung sind in Klammern erg\u00e4nzt."}, "https://www.amazon.fr/dp/000416444X": {"product_title": "Sonate op. 41 basson", "product_image": "https://images-na.ssl-images-amazon.com/images/I/41aptNQZHrL._SX375_BO1,204,203,200_.jpg", "price": "38,93 \u20ac", "description": "Compositeur : Schoeck, Othmar Instrumentation : Fag,Klav Nombre de pages : 36"}, "https://www.amazon.fr/dp/000416413X": {"product_title": "L'amero/dein bin ich kv 208", "product_image": "https://images-na.ssl-images-amazon.com/images/I/41YwjHe4wkL._SX376_BO1,204,203,200_.jpg", "price": "10,55 \u20ac", "description": "Solo Voice (S), Violin, Piano Printed Music VOICE & PIANO BEST SELLER!"}, "https://www.amazon.fr/dp/000417156X": {"product_title": "Kantate 2 ach gott, vom", "product_image": "https://images-na.ssl-images-amazon.com/images/I/41Suo9QtJ2L._SX350_BO1,204,203,200_.jpg", "price": "5,91 \u20ac", "description": "Compositeur : Bach, Johann Sebastian Instrumentation : So,GCh,Orch Nombre de pages : 28"}, "https://www.amazon.fr/dp/000416976X": {"product_title": "Litaniae de venerabili kv 243", "product_image": "https://images-na.ssl-images-amazon.com/images/I/414wyAfP+WL._SX350_BO1,204,203,200_.jpg", "price": "11,08 \u20ac", "description": "Composer : Mozart, Wolfgang Amadeus Edition : Piano reductionEditor : Haverkampf, Ulrich"}, "https://www.amazon.fr/dp/000416816X": {"product_title": "Chaconne d-moll aus bwv 1004", "product_image": "https://images-na.ssl-images-amazon.com/images/I/41lrIDbi75L._SX368_BO1,204,203,200_.jpg", "price": "13,93 \u20ac", "description": "Compositeur : Bach, Johann SebastianInstrumentation : CembNombre de pages : 16"}, "https://www.amazon.fr/dp/000421143X": {"product_title": "Ein deutsches requiem 2 klav", "product_image": "https://images-na.ssl-images-amazon.com/images/I/41kvwEvPVpL._SY390_BO1,204,203,200_.jpg", "price": "188,99 \u20ac", "description": "Arrangement by Heinrich Poos [solos, choir, 2 pno, timp]full score with timpani part 216 pages 25 x 32 cm"}, "https://www.amazon.fr/dp/000420736X": {"product_title": "L'arlesienne-suite nr. 2 orchestre", "product_image": "https://images-na.ssl-images-amazon.com/images/I/41ELX18MMVL._SX375_BO1,204,203,200_.jpg", "price": "\u00e0 partir de 52,14 \u20ac", "description": "Composer : Bizet, Georges Edition : ScoreEditor : Hoffmann, Fritz Separate Parts available on demand"}, "https://www.amazon.fr/dp/000417870X": {"product_title": "Stucke(3) op.142 orgue", "product_image": "https://images-na.ssl-images-amazon.com/images/I/51jcnDzKubL._SX376_BO1,204,203,200_.jpg", "price": "12,61 \u20ac", "description": "Karg-Elert, zu Lebzeiten der Harmoniumspezialist, wird von einer immer gr\u00f6\u00dfer werdenden Klientel als \"\"echte\"\" Alternative zu Max Reger gehandelt, und dies nicht nur, weil er dessen Nachfolger in Leipzig war. In seinem wiederholt als au\u00dferordentlich farbig beschriebenen Stil verbinden sich sowohl traditionelle als auch vorw\u00e4rts dr\u00e4ngende Tendenzen. In op. 142 spiegelt sich die ganze Bandbreite seiner Vielseitigkeit: \"\"Stimmen der Nacht\"\" erinnert an Debussys Klangwelt, \"\"Romantisch\"\" scheint vom Schaffen Johannes Brahms' inspiriert und in \"\"Violalse mignonne\"\" beschw\u00f6rt er, um mit den Worten von Wolfgang Stockmeier zu sprechen, als \"\"ein Meister des Grotesken Blaue-Engel-Atmosph\u00e4re als ironischer Kritiker der Zwanzigerjahre\"\"."}, "https://www.amazon.fr/dp/000417805X": {"product_title": "Choralfantasie feste burg orgue", "product_image": "https://images-na.ssl-images-amazon.com/images/I/418j2w9CkKL._SX366_BO1,204,203,200_.jpg", "price": "\u00e0 partir de 26,09 \u20ac", "description": "Breitkopf Urtext nach der Reger-Gesamtausgabe hrsg. von Hans Klotz, durchgesehen von Martin Weyer mit einer Einf\u00fchrung von Hans Haselb\u00f6ck"}, "https://www.amazon.fr/dp/000108299X": {"product_title": "Arien(2) (grand macabre) 2e akte", "product_image": "https://images-na.ssl-images-amazon.com/images/I/41usGis9EJL._SX379_BO1,204,203,200_.jpg", "price": "\u00e0 partir de 28,70 \u20ac", "description": "Three arias from the opera Le Grand MacabreInstrument : trumpet in C and pianoNombre de Pages : 32I composed my opera Le Grand Macabre from 1974 to 1997. The Mysteries of the Macabre are arrangements of three coloratura arias of the chief of the \u00e2??Secret Political Police\u00e2? which have been arranged (beautifully!) for chamber ensemble by Elgar Howarth. My friend Howarth had conducted the world premiere of the opera in Stockholm in 1978 and some of the further productions. The half-nonsense text is an immediate \u00e2?? however more accurate \u00e2?? continuation of the idea of my works Aventures and Nouvelles Aventures, but there is no chromatics in the music any more."}, "https://www.amazon.fr/dp/000108173X": {"product_title": "Wir horen und spielen band 3 piano", "product_image": "https://images-na.ssl-images-amazon.com/images/I/51d3H5bMOmL._SY363_BO1,204,203,200_.jpg", "price": "\u00e0 partir de 41,45 \u20ac", "description": "Instrumentation:"}, "https://www.amazon.fr/dp/000108142X": {"product_title": "Spielbuch orchestre", "product_image": "https://images-na.ssl-images-amazon.com/images/I/61OVNlClEDL._SX379_BO1,204,203,200_.jpg", "price": "40,80 \u20ac", "description": "Double-bass Excerpts from the Operatic and Concert Repertoire Number of pages: 62 Printed Music DOUBLE BASS ORCHESTRAL EXCERPTS ~ DOUBLE BASS SOLO BEST SELLER!"}, "https://www.amazon.fr/dp/000109212X": {"product_title": "Moto perpetuo violon", "product_image": "https://images-na.ssl-images-amazon.com/images/I/41L-o9AvBSL._SX379_BO1,204,203,200_.jpg", "price": "10,60 \u20ac", "description": "Instrument : violin and pianoSeries : Edition Schott - Single EditionNombre de Pages : 16"}, "https://www.amazon.fr/dp/000108917X": {"product_title": "Gnomenreigen piano", "product_image": "https://images-na.ssl-images-amazon.com/images/I/41A1-6T49fL._SX379_BO1,204,203,200_.jpg", "price": "9,03 \u20ac", "description": "Concert StudyInstrument : pianoSeries : Edition Schott - Single EditionNombre de Pages : 12"}, "https://www.amazon.fr/dp/000108898X": {"product_title": "Cavatine opus 85/3 violon", "product_image": "https://images-na.ssl-images-amazon.com/images/I/410JKNeHjbL._SX379_BO1,204,203,200_.jpg", "price": "\u00e0 partir de 16,12 \u20ac", "description": "Instrumentation : violin (cello) and pianoDate de parution : 15/03/1979Nombre de pages : 8Collection : Edition Schott - Single EditionFormat : New Edition portrait"}, "https://www.amazon.fr/dp/000108688X": {"product_title": "Adelaide op.46", "product_image": "https://images-na.ssl-images-amazon.com/images/I/41zo5m7iCzL._SX379_BO1,204,203,200_.jpg", "price": "13,20 \u20ac", "description": "Not Available"}, "https://www.amazon.fr/dp/000108660X": {"product_title": "Coucou piano", "product_image": "https://images-na.ssl-images-amazon.com/images/I/41am5Cllb9L._SX379_BO1,204,203,200_.jpg", "price": "\u00e0 partir de 12,09 \u20ac", "description": "RondeauInstrumentation : pianoDate de parution : 06/01/1984Nombre de pages : 8Collection : Edition Schott - Single EditionFormat : New Edition portrait"}, "https://www.amazon.fr/dp/000108657X": {"product_title": "Fantasie c piano", "product_image": "https://images-na.ssl-images-amazon.com/images/I/41qQkCHj52L._SX375_BO1,204,203,200_.jpg", "price": "9,03 \u20ac", "description": "Une Question ? Un conseil ?Nos conseillers sont \u00e0 votre disposition pour vous informer sur les caract\u00e9ristiques techniques de ce produit. N'h\u00e9sitez pas \u00e0 les contacter !"}, "https://www.amazon.fr/dp/000103863X": {"product_title": "Concertino bes violon", "product_image": "https://images-na.ssl-images-amazon.com/images/I/41HnYQBk7PL._SX379_BO1,204,203,200_.jpg", "price": "\u00e0 partir de 14,69 \u20ac", "description": "B flat major - Klavierauszug mit Solostimme - KA+SoloSt - violin and orchestraeditor: Dushkin, Samuelcomposer: Pergolesi, Giovanni Battistapages: 28"}, "https://www.amazon.fr/dp/000102163X": {"product_title": "Concerto grosso 8 g opus 6 partitu", "product_image": "https://images-na.ssl-images-amazon.com/images/I/51sNFyf2t6L._SX378_BO1,204,203,200_.jpg", "price": "\u00e0 partir de 13,81 \u20ac", "description": "Christmas ConcertoEdition : scoreInstrumentation : 2 violins, cello, string orchestra and harpsichordDuration : 14'Date of Publications : 24/02/1984Number of Pages : 30Arranger : May, Helmut W.Series : Concertino"}, "https://www.amazon.fr/dp/000101742X": {"product_title": "Short story (dushkin/hegyi) violon", "product_image": "https://images-na.ssl-images-amazon.com/images/I/41zw0783tpL._SX380_BO1,204,203,200_.jpg", "price": "\u00e0 partir de 23,72 \u20ac", "description": "Instrumentation : cello and pianoDate de parution : 06/02/1986Nombre de pages : 10Collection : Cello LibraryFormat : New Edition portrait"}, "https://www.amazon.fr/dp/000107119X": {"product_title": "Complete songs with piano accompaniment band 2 chant", "product_image": "https://images-na.ssl-images-amazon.com/images/I/41K3KHLZHNL._SX379_BO1,204,203,200_.jpg", "price": "\u2014", "description": "Une Question ? Un conseil ?Nos conseillers sont \u00e0 votre disposition pour vous informer sur les caract\u00e9ristiques techniques de ce produit. N'h\u00e9sitez pas \u00e0 les contacter !"}, "https://www.amazon.fr/dp/000106875X": {"product_title": "Etuden 1 & 2 orgue", "product_image": "https://images-na.ssl-images-amazon.com/images/I/31+SH2b7VAL._SY351_BO1,204,203,200_.jpg", "price": "31,19 \u20ac", "description": "Instrumentation : organContenu : I Harmonies (1967) (6'-9') - II Coul\u00e9e (1969) (4')Date de parution : 15/12/1975Nombre de pages : 12"}, "https://www.amazon.fr/dp/000104396X": {"product_title": "Funf antike oden op. 57 -ensemble de partitions", "product_image": "https://images-na.ssl-images-amazon.com/images/I/41uGG66YO-L._SX379_BO1,204,203,200_.jpg", "price": "\u00e0 partir de 41,45 \u20ac", "description": "Not Available"}, "https://www.amazon.fr/dp/000104348X": {"product_title": "Schulwerk vol. 1 (ted.) (orff/keetman)", "product_image": "https://images-na.ssl-images-amazon.com/images/I/419-3yqvVML._SY332_BO1,204,203,200_.jpg", "price": "36,10 \u20ac", "description": "Not Available"}, "https://www.amazon.fr/dp/000104317X": {"product_title": "Concert es kammerorchester parti musique d'ensemble", "product_image": "https://images-na.ssl-images-amazon.com/images/I/41fgZjPnmCL._SX351_BO1,204,203,200_.jpg", "price": "27,08 \u20ac", "description": "Dumbarton OaksInstrumentation : Chamber OrchestraVersion : study scoreDate de parution : 19/07/1984Nombre de pages : 44"}, "https://www.amazon.fr/dp/000109257X": {"product_title": "Happy birthday piano", "product_image": "https://images-na.ssl-images-amazon.com/images/I/41wLZGTLuGL._SX379_BO1,204,203,200_.jpg", "price": "\u00e0 partir de 13,20 \u20ac", "description": "Humorous Variations on a Birthday SongInstrument : piano (4 hands)Series : Edition Schott - Single EditionNombre de Pages : 16Content : Thema - Adagio lamentoso - Allegro - Tempo di Valse - Tempo di Tango"}, "https://www.amazon.fr/dp/000115687X": {"product_title": "Viola spaces vol. 1 alto", "product_image": "https://images-na.ssl-images-amazon.com/images/I/41Y-4h2wgsL._SX379_BO1,204,203,200_.jpg", "price": "43,02 \u20ac", "description": "Printed Music VIOLA STUDIES BEST SELLER!"}, "https://www.amazon.fr/dp/000416105X": {"product_title": "Violinkonzert 2 d-dur kv 211", "product_image": "https://images-na.ssl-images-amazon.com/images/I/51Qp-R83kUL._SX375_BO1,204,203,200_.jpg", "price": "25,02 \u20ac", "description": "Composer : Mozart, Wolfgang AmadeusInstrumentation : Vl,KlavEdition : Piano and soloEditor : Waldersee, Paul"}, "https://www.amazon.fr/dp/000416041X": {"product_title": "Klavier-trio g-dur hob xv: 15", "product_image": "https://images-na.ssl-images-amazon.com/images/I/41zx75efEBL._SX376_BO1,204,203,200_.jpg", "price": "\u00e0 partir de 15,38 \u20ac", "description": "Compositeur : Haydn, Joseph Instrumentation : Fl(Vl),Vc,Klav Nombre de pages : 40"}, "https://www.amazon.fr/dp/000109825X": {"product_title": "Csardas-kompositionen clarinette", "product_image": "https://images-na.ssl-images-amazon.com/images/I/41vzotqLOgL._SX379_BO1,204,203,200_.jpg", "price": "\u00e0 partir de 7,50 \u20ac", "description": "Instrumentation : clarinet and pianoDate de parution : 03/10/1988Nombre de pages : 31Collection : Clarinet LibraryFormat : New Edition portrait"}, "https://www.amazon.fr/dp/000109453X": {"product_title": "Duos(6) opus 1 flute traversiere", "product_image": "https://images-na.ssl-images-amazon.com/images/I/41yNWRfXqDL._SX379_BO1,204,203,200_.jpg", "price": "33,14 \u20ac", "description": "Instrument : 2 flutesType : performance scoreSeries : Il Flauto traversoNombre de Pages : 56Anton Stamitz (1750 \u00e2?? um 1800) komponierte wichtige Beitr\u00e4ge zur Fl\u00f6tenliteratur. Der Sohn des ber\u00fchmten \u00e2??Mannheimer\u00e2?? Johann Stamitz lebte lange Zeit in Paris und Versailles, wo er alle seine Werke ver\u00f6ffentlichte \u00e2?? bis auf eine Ausnahme: Die Duos f\u00fcr zwei Querfl\u00f6ten op. 1 erschienen 1785 bei Schott in Mainz. Dieser Erstdruck war die Vorlage f\u00fcr die neue Schott-Ausgabe jener Kompositionen \u00e2?? unterhaltsame St\u00fccke, an denen sich schon Sch\u00fcler und Hobby-Fl\u00f6tisten als Duo erproben k\u00f6nnen."}, "https://www.amazon.fr/dp/000110733X": {"product_title": "Serenata spagnola (kreisler) violon", "product_image": "https://images-na.ssl-images-amazon.com/images/I/419YG5nPHEL._SX380_BO1,204,203,200_.jpg", "price": "9,97 \u20ac", "description": "Instrumentation : violin and pianoDate de parution : 26/08/1985Nombre de pages : 8Format : New Edition portrait"}, "https://www.amazon.fr/dp/000111252X": {"product_title": "Eingedunkelt", "product_image": "https://images-na.ssl-images-amazon.com/images/I/41suSIrxOHL._SX379_BO1,204,203,200_.jpg", "price": "\u00e0 partir de 25,94 \u20ac", "description": "Not Available"}, "https://www.amazon.it/dp/000416816X": {"product_title": "Chaconne aus der Partita II d-moll BWV 1004 Bearbeitung f\u00fcr Cembalo (EB 6594)", "product_image": "https://images-na.ssl-images-amazon.com/images/I/41lrIDbi75L._SX368_BO1,204,203,200_.jpg", "price": "13,93 \u20ac", "description": "Not Available"}, "https://www.amazon.it/dp/000416198X": {"product_title": "2 leichte Divertimenti f\u00fcr Violine (Oboe), Cello (Fagott) und Klavier - Es-dur KV 252 (240a) und B-dur KV 240 - Bearbeitung (EB 3810)", "product_image": "https://images-na.ssl-images-amazon.com/images/I/41H73ri0GDL._SX348_BO1,204,203,200_.jpg", "price": "17,29 \u20ac", "description": "Not Available"}, "https://www.amazon.it/dp/000106875X": {"product_title": "Etuden 1 & 2 orgue: Orgel.", "product_image": "https://images-na.ssl-images-amazon.com/images/I/31+SH2b7VAL._SY351_BO1,204,203,200_.jpg", "price": "31,19 \u20ac", "description": "Not Available"}, "https://www.amazon.it/dp/000108299X": {"product_title": "Arien(2) (grand macabre) 2e akte", "product_image": "https://images-na.ssl-images-amazon.com/images/I/41usGis9EJL._SX379_BO1,204,203,200_.jpg", "price": "\u2014", "description": "Von 1974 bis 1997 komponierte ich meine Oper Le Grand Macabre. Die Mysteries of the Macabre sind Bearbeitungen von drei Koloraturarien (des Chefs der \"Geheimen Politischen Polizei\"), die Elgar Howarth (wunderbar!) f\u00fcr ein Kammerensemble arrangiert hat. Mein Freund Howarth war der Dirigent der Stockholmer Urauff\u00fchrung der Oper 1978 und sp\u00e4ter von mehreren weiteren Produktionen. Der Halb-Nonsens-Text ist eine unmittelbare, wenn auch konkretere Weiterf\u00fchrung der Idee von Aventures und Nouvelles Aventures, nur die Musik ist nicht mehr chromatisch.\n\nSchwierigkeitsgrad: 5"}, "https://www.amazon.it/dp/000108657X": {"product_title": "Fantasie c piano", "product_image": "https://images-na.ssl-images-amazon.com/images/I/41qQkCHj52L._SX375_BO1,204,203,200_.jpg", "price": "9,03 \u20ac", "description": "Not Available"}}